,Sun Exposure,Sun Exposure,index,Soil Moisture,index,Plant Type,index,Pollinators,index,Flowering Months,index,Height (feet),index,Showy
0,"Sun, Part Shade",523,"Moist, Dry",364,Herb (perennial),645,Wind,204,Apr–May,205,3,53,Yes,718
1,"Sun, Part Shade, Shade",183,Wet,325,Graminoid (perennial),231,Larval Host (Moth),128,May–Jun,170,2.5,31,No,542
2,Sun,85,"Wet, Moist",280,Shrub,131,Native Bees,65,Jun–Aug,145,1,31,,
3,"Part Shade, Shade",66,Dry,177,Herb (annual),114,Larval Host (Butterfly); Larval Host (Moth); Wind,61,Jul–Sep,90,2–3,29,,
4,Part Shade,22,"Wet, Moist, Dry",141,"Tree, Shrub",105,"Native Bees; Beetles, Wasps, Flies",55,Mar–Apr,48,5,28,,
5,Shade,12,Moist,48,Tree,100,Larval Host (Moth); Wind,44,Jun–Jul,41,1–3,27,,
6,sun,1,,,Herb (annual or perennial),54,"Native Bees; Bombus; Honey Bees; Beetles, Wasps, Flies; Moths; Butterflies",37,Apr–Jun,23,2,26,,
7,"sun, part shade, shade",1,,,"Shrub, Herb (perennial)",46,Larval Host (Butterfly),35,Indeterminate,19,1–2,20,,
8,"Sun, part shade",1,,,"Vine, Herb (perennial)",31,"Native Bees; Bombus; Honey Bees; Beetles, Wasps, Flies; Butterflies",34,Jul–Aug,19,1.5,20,,
9,,,,,Vine,28,Larval Host (Butterfly); Wind,29,Sep–Nov,18,4,19,,
10,,,,,Graminoid (annual),25,"Native Bees; Bombus; Honey Bees; Beetles, Wasps, Flies; Butterflies; Larval Host (Moth)",27,May–Jul,17,3.2,18,,
11,,,,,Herb (annual or biennial),23,"Native Bees; Bombus; Honey Bees; Beetles, Wasps, Flies; Moths; Butterflies; Larval Host (Moth)",27,Aug–Oct,15,2–4,15,,
12,,,,,"Shrub, Herb (annual or perennial)",19,Native Bees; Butterflies,26,Mar–May,13,100,15,,
13,,,,,Graminoid (annual or perennial),18,Native Bees; Bombus,25,Jun–Sep,11,3–6,14,,
14,,,,,Herb (biennial),14,Native Bees; Larval Host (Moth),22,Aug–Sep,11,6.5,14,,
15,,,,,Herb (biennial or perennial),14,Larval Host (Butterfly); Larval Host (Moth),21,May–Sep,8,1–1.5,13,,
16,,,,,"Vine, Shrub",13,"Native Bees; Bombus; Honey Bees; Beetles, Wasps, Flies; Moths; Butterflies; Monarchs; Larval Host (Moth)",20,Apr–Jul,7,3–5,12,,
17,,,,,"Vine, Herb (annual)",7,Butterflies,19,Apr–Oct,5,6,12,,
18,,,,,"Vine, Herb (annual or perennial)",3,"Native Bees; Bombus; Beetles, Wasps, Flies; Butterflies",19,Jun–Oct,5,3.5,12,,
19,,,,,"Shrub, Graminoid (perennial)",3,"Native Bees; Beetles, Wasps, Flies; Butterflies",18,Sep–Oct,5,4–6,11,,
20,,,,,"Vine, Shrub, Herb (perennial)",2,"Native Bees; Bombus; Honey Bees; Beetles, Wasps, Flies; Moths; Butterflies; Larval Host (Butterfly); Larval Host (Moth)",17,Aug–Nov,4,0.5–1,11,,
21,,,,,Shrub (annual or perennial),1,"Native Bees; Bombus; Honey Bees; Beetles, Wasps, Flies; Butterflies; Larval Host (Butterfly); Larval Host (Moth)",17,Mar–Jun,4,1.5–2,11,,
22,,,,,"Shrub, Herb (biennial or perennial)",1,"Native Bees; Beetles, Wasps, Flies; Larval Host (Moth)",13,Apr–Aug,3,80,11,,
23,,,,,,,"Native Bees; Bombus; Beetles, Wasps, Flies; Larval Host (Moth)",12,Apr,3,3.3,9,,
24,,,,,,,"Beetles, Wasps, Flies",12,Aug,3,2–5,9,,
25,,,,,,,"Native Bees; Bombus; Beetles, Wasps, Flies",12,Jul–Oct,3,0.5,9,,
26,,,,,,,"Native Bees; Bombus; Honey Bees; Beetles, Wasps, Flies; Moths; Butterflies; Larval Host (Butterfly)",11,Sep,3,10,9,,
27,,,,,,,"Native Bees; Bombus; Honey Bees; Beetles, Wasps, Flies; Moths; Butterflies; Monarchs; Larval Host (Butterfly); Larval Host (Moth)",11,Jan–Feb,3,3–4,8,,
28,,,,,,,"Native Bees; Bombus; Beetles, Wasps, Flies; Butterflies; Larval Host (Butterfly)",10,Feb–Apr,2,1–4,8,,
29,,,,,,,"Native Bees; Bombus; Honey Bees; Beetles, Wasps, Flies; Larval Host (Moth)",10,Jun,2,0.6–1.5,8,,
30,,,,,,,"Native Bees; Bombus; Honey Bees; Beetles, Wasps, Flies; Moths; Butterflies; Monarchs",10,May–Oct,2,30,8,,
31,,,,,,,Native Bees; Bombus; Larval Host (Moth),10,Mar–Oct,2,0.5–1.5,8,,
32,,,,,,,"Bombus; Beetles, Wasps, Flies",9,Jul,2,4.5,7,,
33,,,,,,,"Native Bees; Bombus; Beetles, Wasps, Flies; Butterflies; Larval Host (Butterfly); Larval Host (Moth)",9,Nov,2,10–20,7,,
34,,,,,,,Bombus,8,Feb–May,2,50,7,,
35,,,,,,,"Native Bees; Bombus; Beetles, Wasps, Flies; Moths; Butterflies",8,Mar,2,70,7,,
36,,,,,,,Bombus; Larval Host (Butterfly); Larval Host (Moth); Wind,7,Jan–Dec,2,120,6,,
37,,,,,,,"Native Bees; Bombus; Honey Bees; Beetles, Wasps, Flies; Moths; Butterflies; Nesting and Structure (Bees); Larval Host (Moth)",7,Mar–Jul,2,8,6,,
38,,,,,,,"Native Bees; Bombus; Honey Bees; Beetles, Wasps, Flies",7,Oct,2,60,6,,
39,,,,,,,"Native Bees; Bombus; Beetles, Wasps, Flies; Butterflies; Larval Host (Moth)",7,Oct–Nov,1,1.5–3,6,,
40,,,,,,,Native Bees; Butterflies; Larval Host (Moth),7,Mar–Dec,1,9,6,,
41,,,,,,,Butterflies; Larval Host (Butterfly); Larval Host (Moth),6,Apr–Sep,1,25,6,,
42,,,,,,,Native Bees; Larval Host (Butterfly),6,Feb–Oct,1,3–10,5,,
43,,,,,,,Hummingbirds,6,May–Aug,1,35,5,,
44,,,,,,,"Native Bees; Bombus; Honey Bees; Beetles, Wasps, Flies; Moths; Butterflies; Monarchs; Larval Host (Moth); Hummingbirds",6,Jan–May,1,1.3,5,,
45,,,,,,,Native Bees; Bombus; Butterflies,6,Dec–Feb,1,15,5,,
46,,,,,,,Nesting and Structure (Bees); Wind,6,"Jan–Dec, sporadic",1,6–10,5,,
47,,,,,,,"Native Bees; Beetles, Wasps, Flies; Butterflies; Larval Host (Moth)",6,,,4–5,5,,
48,,,,,,,"Native Bees; Honey Bees; Beetles, Wasps, Flies; Butterflies",6,,,7,5,,
49,,,,,,,Moths; Butterflies,5,,,16,5,,
50,,,,,,,Butterflies; Monarchs; Larval Host (Moth),5,,,20,4,,
51,,,,,,,Butterflies; Hummingbirds,5,,,3–8,4,,
52,,,,,,,Butterflies; Monarchs,5,,,1.5–2.5,4,,
53,,,,,,,Butterflies; Larval Host (Butterfly),5,,,5–7,4,,
54,,,,,,,"Native Bees; Beetles, Wasps, Flies; Larval Host (Butterfly)",5,,,0.3–0.5,4,,
55,,,,,,,Native Bees; Butterflies; Larval Host (Butterfly),5,,,2–6,4,,
56,,,,,,,"Native Bees; Beetles, Wasps, Flies; Moths; Butterflies",5,,,90,4,,
57,,,,,,,Native Bees; Bombus; Larval Host (Moth); Hummingbirds,4,,,5–10,4,,
58,,,,,,,"Native Bees; Bombus; Honey Bees; Beetles, Wasps, Flies; Moths; Butterflies; Nesting and Structure (Bees); Larval Host (Butterfly); Larval Host (Moth)",4,,,75,4,,
59,,,,,,,Native Bees; Bombus; Butterflies; Larval Host (Butterfly); Larval Host (Moth),4,,,0.1,4,,
60,,,,,,,"Native Bees; Beetles, Wasps, Flies; Butterflies; Larval Host (Butterfly)",4,,,2.3,4,,
61,,,,,,,"Native Bees; Bombus; Honey Bees; Beetles, Wasps, Flies; Moths; Butterflies; Larval Host (Moth); Hummingbirds",4,,,1–2.5,4,,
62,,,,,,,"Native Bees; Bombus; Beetles, Wasps, Flies; Butterflies; Hummingbirds",4,,,0.7,4,,
63,,,,,,,"Native Bees; Bombus; Honey Bees; Beetles, Wasps, Flies; Butterflies; Larval Host (Butterfly); Larval Host (Moth); Hummingbirds",4,,,2–3.5,4,,
64,,,,,,,"Native Bees; Bombus; Honey Bees; Beetles, Wasps, Flies; Butterflies; Monarchs; Larval Host (Moth)",4,,,2.8,3,,
65,,,,,,,"Native Bees; Honey Bees; Beetles, Wasps, Flies",4,,,2.5–3,3,,
66,,,,,,,"Native Bees; Bombus; Beetles, Wasps, Flies; Moths; Butterflies; Larval Host (Butterfly); Larval Host (Moth)",4,,,6–20,3,,
67,,,,,,,Native Bees; Bombus; Butterflies; Hummingbirds,4,,,1.7,3,,
68,,,,,,,Moths,4,,,0.3,3,,
69,,,,,,,"Native Bees; Honey Bees; Beetles, Wasps, Flies; Larval Host (Moth)",4,,,6–8,3,,
70,,,,,,,Native Bees; Larval Host (Butterfly); Larval Host (Moth),4,,,0.4–0.7,3,,
71,,,,,,,"Native Bees; Bombus; Honey Bees; Beetles, Wasps, Flies; Butterflies; Larval Host (Monarch); Larval Host (Butterfly)",4,,,4–7,3,,
72,,,,,,,Native Bees; Butterflies; Hummingbirds,4,,,1.2,3,,
73,,,,,,,"Native Bees; Bombus; Beetles, Wasps, Flies; Larval Host (Butterfly); Larval Host (Moth)",4,,,3–7,3,,
74,,,,,,,Nesting and Structure (Bees); Larval Host (Moth); Wind,4,,,12–20,3,,
75,,,,,,,"Native Bees; Bombus; Honey Bees; Beetles, Wasps, Flies; Butterflies; Nesting and Structure (Bees); Larval Host (Monarch); Larval Host (Butterfly)",4,,,12,3,,
76,,,,,,,"Native Bees; Beetles, Wasps, Flies; Butterflies; Larval Host (Butterfly); Larval Host (Moth)",4,,,1–5,3,,
77,,,,,,,Honey Bees; Larval Host (Butterfly); Larval Host (Moth); Wind,3,,,50–100,3,,
78,,,,,,,Bombus; Butterflies,3,,,0.2,3,,
79,,,,,,,"Native Bees; Bombus; Beetles, Wasps, Flies; Moths; Butterflies; Larval Host (Moth); Hummingbirds",3,,,30–45,3,,
80,,,,,,,"Native Bees; Bombus; Beetles, Wasps, Flies; Moths; Butterflies; Larval Host (Moth)",3,,,13,3,,
81,,,,,,,"Native Bees; Bombus; Honey Bees; Beetles, Wasps, Flies; Moths; Butterflies; Larval Host (Butterfly); Larval Host (Moth); Wind",3,,,10–15,3,,
82,,,,,,,Butterflies; Larval Host (Butterfly); Larval Host (Moth); Wind,3,,,30–60,2,,
83,,,,,,,Native Bees; Butterflies; Larval Host (Butterfly); Larval Host (Moth),3,,,2.7,2,,
84,,,,,,,"Native Bees; Bombus; Honey Bees; Beetles, Wasps, Flies; Moths; Butterflies; Nesting and Structure (Bees)",3,,,6–12,2,,
85,,,,,,,"Native Bees; Honey Bees; Beetles, Wasps, Flies; Butterflies; Larval Host (Moth)",3,,,0.2–0.4,2,,
86,,,,,,,"Native Bees; Bombus; Honey Bees; Beetles, Wasps, Flies; Moths; Butterflies; Monarchs; Nesting and Structure (Bees); Larval Host (Butterfly); Larval Host (Moth)",3,,,0.8,2,,
87,,,,,,,"Native Bees; Bombus; Honey Bees; Beetles, Wasps, Flies; Butterflies; Monarchs; Larval Host (Butterfly); Larval Host (Moth)",3,,,50–90,2,,
88,,,,,,,Honey Bees,3,,,30–40,2,,
89,,,,,,,Native Bees; Bombus; Honey Bees; Larval Host (Moth),3,,,0.5–2,2,,
90,,,,,,,"Native Bees; Bombus; Honey Bees; Beetles, Wasps, Flies; Moths; Butterflies; Hummingbirds",3,,,6–25,2,,
91,,,,,,,"Beetles, Wasps, Flies; Larval Host (Butterfly)",3,,,40,2,,
92,,,,,,,"Beetles, Wasps, Flies; Larval Host (Moth)",3,,,2–8,2,,
93,,,,,,,"Native Bees; Bombus; Honey Bees; Beetles, Wasps, Flies; Larval Host (Moth); Wind",3,,,0.2–0.5,2,,
94,,,,,,,Nesting and Structure (Bees),3,,,4–8,2,,
95,,,,,,,"Native Bees; Bombus; Honey Bees; Beetles, Wasps, Flies; Moths; Butterflies; Monarchs; Larval Host (Butterfly)",3,,,2–10,2,,
96,,,,,,,"Native Bees; Bombus; Honey Bees; Beetles, Wasps, Flies; Butterflies; Monarchs",3,,,1–6,2,,
97,,,,,,,"Native Bees; Honey Bees; Beetles, Wasps, Flies; Moths; Butterflies",3,,,20–35,2,,
98,,,,,,,Native Bees; Bombus; Butterflies; Larval Host (Butterfly),3,,,2.5–3.5,2,,
99,,,,,,,"Native Bees; Bombus; Beetles, Wasps, Flies; Butterflies; Monarchs; Larval Host (Moth)",3,,,15–30,2,,
100,,,,,,,Native Bees; Hummingbirds,3,,,10–30,2,,
101,,,,,,,"Native Bees; Bombus; Beetles, Wasps, Flies; Larval Host (Butterfly)",2,,,85,2,,
102,,,,,,,"Native Bees; Bombus; Honey Bees; Beetles, Wasps, Flies; Moths; Butterflies; Monarchs; Larval Host (Butterfly); Larval Host (Moth); Hummingbirds",2,,,6–15,2,,
103,,,,,,,Native Bees; Honey Bees; Butterflies,2,,,6–9,2,,
104,,,,,,,Nesting and Structure (Bees); Larval Host (Butterfly); Wind,2,,,12–15,2,,
105,,,,,,,Native Bees; Bombus; Moths; Butterflies; Hummingbirds,2,,,1.8,2,,
106,,,,,,,Native Bees; Bombus; Moths; Butterflies; Larval Host (Butterfly); Larval Host (Moth); Hummingbirds,2,,,60–80,2,,
107,,,,,,,Honey Bees; Larval Host (Moth),2,,,30–50,2,,
108,,,,,,,Moths; Larval Host (Moth),2,,,23,2,,
109,,,,,,,"Native Bees; Bombus; Honey Bees; Beetles, Wasps, Flies; Larval Host (Butterfly); Larval Host (Moth)",2,,,115,2,,
110,,,,,,,"Native Bees; Bombus; Honey Bees; Beetles, Wasps, Flies; Butterflies; Larval Host (Butterfly)",2,,,40–80,2,,
111,,,,,,,"Native Bees; Bombus; Beetles, Wasps, Flies; Moths; Butterflies; Monarchs; Hummingbirds",2,,,0.5–2.5,2,,
112,,,,,,,Native Bees; Bombus; Moths; Butterflies,2,,,10–50,1,,
113,,,,,,,Native Bees; Bombus; Butterflies; Larval Host (Moth); Hummingbirds,2,,,8–16,1,,
114,,,,,,,"Native Bees; Beetles, Wasps, Flies; Moths; Butterflies; Larval Host (Moth)",2,,,15–70,1,,
115,,,,,,,Bombus; Larval Host (Moth); Wind,2,,,15–35,1,,
116,,,,,,,"Native Bees; Bombus; Beetles, Wasps, Flies; Butterflies; Larval Host (Moth); Hummingbirds",2,,,150,1,,
117,,,,,,,"Native Bees; Bombus; Honey Bees; Beetles, Wasps, Flies; Butterflies; Nesting and Structure (Bees); Larval Host (Moth)",2,,,5–20,1,,
118,,,,,,,"Native Bees; Bombus; Beetles, Wasps, Flies; Larval Host (Moth); Hummingbirds",2,,,25–50,1,,
119,,,,,,,Bombus; Butterflies; Larval Host (Moth),2,,,25–45,1,,
120,,,,,,,Moths; Butterflies; Hummingbirds,2,,,0.4,1,,
121,,,,,,,Moths; Butterflies; Larval Host (Butterfly); Larval Host (Moth),2,,,6–30,1,,
122,,,,,,,"Native Bees; Bombus; Honey Bees; Beetles, Wasps, Flies; Moths; Butterflies; Monarchs; Nesting and Structure (Bees); Larval Host (Moth)",2,,,6–60,1,,
123,,,,,,,Butterflies; Nesting and Structure (Bees); Larval Host (Butterfly); Larval Host (Moth); Wind,2,,,3–9,1,,
124,,,,,,,"Native Bees; Honey Bees; Beetles, Wasps, Flies; Moths; Larval Host (Moth)",2,,,65,1,,
125,,,,,,,Butterflies; Larval Host (Moth); Hummingbirds,2,,,130,1,,
126,,,,,,,"Native Bees; Bombus; Beetles, Wasps, Flies; Moths; Butterflies; Larval Host (Butterfly)",2,,,80–180,1,,
127,,,,,,,Nesting and Structure (Bees); Larval Host (Butterfly); Larval Host (Moth); Wind,2,,,4–12,1,,
128,,,,,,,"Native Bees; Bombus; Honey Bees; Beetles, Wasps, Flies; Butterflies; Monarchs; Larval Host (Monarch); Larval Host (Butterfly)",2,,,190,1,,
129,,,,,,,Native Bees; Bombus; Honey Bees; Butterflies; Hummingbirds,2,,,24,1,,
130,,,,,,,"Native Bees; Bombus; Honey Bees; Beetles, Wasps, Flies; Moths; Butterflies; Monarchs; Nesting and Structure (Bees); Larval Host (Monarch); Larval Host (Butterfly); Larval Host (Moth); Hummingbirds",2,,,1.5–3.5,1,,
131,,,,,,,"Native Bees; Honey Bees; Beetles, Wasps, Flies; Butterflies; Monarchs",2,,,8–10,1,,
132,,,,,,,"Native Bees; Beetles, Wasps, Flies; Larval Host (Butterfly); Larval Host (Moth)",2,,,50–95,1,,
133,,,,,,,"Native Bees; Beetles, Wasps, Flies; Butterflies; Monarchs",2,,,52,1,,
134,,,,,,,"Native Bees; Bombus; Beetles, Wasps, Flies; Moths; Butterflies; Larval Host (Butterfly); Larval Host (Moth); Hummingbirds",2,,,12–50,1,,
135,,,,,,,"Native Bees; Bombus; Honey Bees; Beetles, Wasps, Flies; Moths; Butterflies; Monarchs; Nesting and Structure (Bees); Larval Host (Butterfly); Larval Host (Moth); Hummingbirds",2,,,8–12,1,,
136,,,,,,,Larval Host (Butterfly); Larval Host (Moth); Hummingbirds,2,,,5–12,1,,
137,,,,,,,"Native Bees; Bombus; Honey Bees; Beetles, Wasps, Flies; Butterflies; Monarchs; Larval Host (Moth); Hummingbirds",1,,,28,1,,
138,,,,,,,Larval Host (Moth); Hummingbirds,1,,,83,1,,
139,,,,,,,Native Bees; Butterflies; Monarchs; Larval Host (Butterfly); Larval Host (Moth),1,,,5–6,1,,
140,,,,,,,"Beetles, Wasps, Flies; Larval Host (Butterfly); Larval Host (Moth)",1,,,73,1,,
141,,,,,,,"Native Bees; Bombus; Honey Bees; Beetles, Wasps, Flies; Butterflies; Larval Host (Moth); Hummingbirds",1,,,6–13,1,,
142,,,,,,,"Native Bees; Bombus; Beetles, Wasps, Flies; Hummingbirds",1,,,45,1,,
143,,,,,,,"Native Bees; Bombus; Honey Bees; Beetles, Wasps, Flies; Moths; Butterflies; Larval Host (Butterfly); Hummingbirds",1,,,15–25,1,,
144,,,,,,,"Beetles, Wasps, Flies; Moths; Butterflies; Monarchs; Hummingbirds",1,,,2–15,1,,
145,,,,,,,"Native Bees; Honey Bees; Beetles, Wasps, Flies; Moths; Butterflies; Larval Host (Butterfly)",1,,,60–90,1,,
146,,,,,,,Native Bees; Bombus; Honey Bees; Butterflies; Larval Host (Butterfly); Larval Host (Moth),1,,,5–30,1,,
147,,,,,,,Bombus; Larval Host (Butterfly); Larval Host (Moth),1,,,105,1,,
148,,,,,,,"Native Bees; Bombus; Beetles, Wasps, Flies; Butterflies; Larval Host (Butterfly); Larval Host (Moth); Hummingbirds",1,,,4–10,1,,
149,,,,,,,Native Bees; Butterflies; Nesting and Structure (Bees); Larval Host (Butterfly); Wind,1,,,2.2,1,,
150,,,,,,,"Native Bees; Bombus; Beetles, Wasps, Flies; Moths; Butterflies; Monarchs; Larval Host (Moth)",1,,,4–16,1,,
151,,,,,,,Native Bees; Moths; Butterflies,1,,,4–9,1,,
152,,,,,,,Native Bees; Larval Host (Butterfly); Larval Host (Moth); Wind,1,,,12–35,1,,
153,,,,,,,Native Bees; Bombus; Butterflies; Larval Host (Moth),1,,,48,1,,
154,,,,,,,"Native Bees; Bombus; Honey Bees; Beetles, Wasps, Flies; Moths; Butterflies; Monarchs; Hummingbirds",1,,,95,1,,
155,,,,,,,"Native Bees; Bombus; Honey Bees; Beetles, Wasps, Flies; Moths; Butterflies; Nesting and Structure (Bees); Larval Host (Moth); Hummingbirds",1,,,0.6–1,1,,
156,,,,,,,"Native Bees; Bombus; Honey Bees; Beetles, Wasps, Flies; Butterflies; Monarchs; Hummingbirds",1,,,50–75,1,,
157,,,,,,,"Native Bees; Honey Bees; Beetles, Wasps, Flies; Butterflies; Monarchs; Larval Host (Butterfly); Larval Host (Moth)",1,,,0.3–4,1,,
158,,,,,,,Native Bees; Bombus; Moths; Butterflies; Larval Host (Moth),1,,,2.5–5,1,,
159,,,,,,,"Native Bees; Bombus; Honey Bees; Beetles, Wasps, Flies; Moths; Butterflies; Larval Host (Moth); Wind",1,,,10–40,1,,
160,,,,,,,Native Bees; Honey Bees; Wind,1,,,0.2–0.7,1,,
161,,,,,,,"Native Bees; Beetles, Wasps, Flies; Butterflies; Hummingbirds",1,,,6–7,1,,
162,,,,,,,"Native Bees; Beetles, Wasps, Flies; Moths; Butterflies; Monarchs",1,,,0.7–1,1,,
163,,,,,,,Butterflies; Monarchs; Hummingbirds,1,,,15–20,1,,
164,,,,,,,"Native Bees; Bombus; Honey Bees; Beetles, Wasps, Flies; Moths; Larval Host (Butterfly); Larval Host (Moth); Hummingbirds",1,,,6–40,1,,
165,,,,,,,"Native Bees; Bombus; Honey Bees; Beetles, Wasps, Flies; Moths; Butterflies; Monarchs; Nesting and Structure (Bees); Larval Host (Moth); Hummingbirds",1,,,65–100,1,,
166,,,,,,,Native Bees; Bombus; Butterflies; Nesting and Structure (Bees),1,,,40–100,1,,
167,,,,,,,Honey Bees; Butterflies,1,,,68,1,,
168,,,,,,,"Native Bees; Bombus; Honey Bees; Beetles, Wasps, Flies; Moths; Butterflies; Monarchs; Nesting and Structure (Bees)",1,,,1.5–4,1,,
169,,,,,,,Native Bees; Bombus; Nesting and Structure (Bees),1,,,15–40,1,,
170,,,,,,,Nesting and Structure (Bees); Larval Host (Moth),1,,,0.5–0.8,1,,
171,,,,,,,Bombus; Larval Host (Moth),1,,,12–18,1,,
172,,,,,,,"Native Bees; Bombus; Honey Bees; Beetles, Wasps, Flies; Moths; Butterflies; Monarchs; Nesting and Structure (Bees); Larval Host (Butterfly)",1,,,8–9,1,,
173,,,,,,,Butterflies; Larval Host (Butterfly); Wind,1,,,10–25,1,,
174,,,,,,,Native Bees; Butterflies; Monarchs; Larval Host (Moth),1,,,20–50,1,,
175,,,,,,,"Native Bees; Bombus; Honey Bees; Beetles, Wasps, Flies; Butterflies; Nesting and Structure (Bees); Larval Host (Moth); Hummingbirds",1,,,7–30,1,,
176,,,,,,,Native Bees; Butterflies; Monarchs,1,,,26,1,,
177,,,,,,,Native Bees; Bombus; Butterflies; Monarchs; Larval Host (Moth); Hummingbirds,1,,,5–18,1,,
178,,,,,,,"Native Bees; Bombus; Beetles, Wasps, Flies; Moths; Butterflies; Hummingbirds",1,,,1–3.5,1,,
179,,,,,,,"Native Bees; Beetles, Wasps, Flies; Butterflies; Larval Host (Moth); Hummingbirds",1,,,20–30,1,,
180,,,,,,,Larval Host (Moth); Bats,1,,,10–75,1,,
181,,,,,,,"Beetles, Wasps, Flies; Butterflies",1,,,5.5,1,,
182,,,,,,,Native Bees; Moths; Larval Host (Moth),1,,,65–75,1,,
183,,,,,,,"Native Bees; Bombus; Honey Bees; Beetles, Wasps, Flies; Moths; Butterflies; Monarchs; Larval Host (Monarch); Larval Host (Butterfly)",1,,,0.3–0.8,1,,
184,,,,,,,"Beetles, Wasps, Flies; Butterflies; Hummingbirds",1,,,0.3–0.6,1,,
185,,,,,,,"Native Bees; Bombus; Honey Bees; Beetles, Wasps, Flies; Moths; Butterflies; Monarchs; Larval Host (Butterfly); Hummingbirds",1,,,5–25,1,,
186,,,,,,,Native Bees; Bombus; Butterflies; Larval Host (Butterfly); Hummingbirds,1,,,2.5–6,1,,
187,,,,,,,Native Bees; Bombus; Hummingbirds,1,,,1.5–5,1,,
188,,,,,,,Butterflies; Larval Host (Moth); Wind,1,,,5–15,1,,
189,,,,,,,"Native Bees; Bombus; Honey Bees; Beetles, Wasps, Flies; Larval Host (Moth); Hummingbirds",1,,,0.3–1,1,,
190,,,,,,,"Native Bees; Honey Bees; Beetles, Wasps, Flies; Butterflies; Nesting and Structure (Bees); Larval Host (Moth)",1,,,,,,
191,,,,,,,Native Bees; Bombus; Larval Host (Butterfly),1,,,,,,
192,,,,,,,"Beetles, Wasps, Flies; Moths; Larval Host (Butterfly); Larval Host (Moth)",1,,,,,,
193,,,,,,,"Beetles, Wasps, Flies; Moths; Larval Host (Butterfly)",1,,,,,,
194,,,,,,,"Native Bees; Bombus; Honey Bees; Beetles, Wasps, Flies; Moths; Butterflies; Monarchs; Nesting and Structure (Bees); Larval Host (Monarch); Larval Host (Butterfly)",1,,,,,,
195,,,,,,,"Native Bees; Bombus; Honey Bees; Beetles, Wasps, Flies; Moths; Butterflies; Monarchs; Nesting and Structure (Bees); Larval Host (Monarch); Larval Host (Butterfly); Larval Host (Moth)",1,,,,,,
196,,,,,,,"Native Bees; Bombus; Honey Bees; Beetles, Wasps, Flies; Moths; Butterflies; Larval Host (Monarch); Larval Host (Butterfly)",1,,,,,,
197,,,,,,,"Native Bees; Bombus; Honey Bees; Beetles, Wasps, Flies; Butterflies; Nesting and Structure (Bees); Larval Host (Monarch); Larval Host (Butterfly); Hummingbirds",1,,,,,,
198,,,,,,,Native Bees; Bombus; Moths; Butterflies; Larval Host (Butterfly); Hummingbirds,1,,,,,,
199,,,,,,,"Native Bees; Honey Bees; Beetles, Wasps, Flies; Moths; Butterflies; Monarchs; Larval Host (Butterfly); Larval Host (Moth)",1,,,,,,
200,,,,,,,"Native Bees; Bombus; Honey Bees; Beetles, Wasps, Flies; Butterflies; Larval Host (Monarch); Larval Host (Butterfly); Larval Host (Moth)",1,,,,,,
201,,,,,,,Native Bees; Bombus; Moths; Butterflies; Larval Host (Moth); Hummingbirds,1,,,,,,
202,,,,,,,Bombus; Larval Host (Butterfly); Larval Host (Moth); Hummingbirds,1,,,,,,
203,,,,,,,"Native Bees; Beetles, Wasps, Flies; Butterflies; Nesting and Structure (Bees); Larval Host (Butterfly); Larval Host (Moth)",1,,,,,,
204,,,,,,,Native Bees; Larval Host (Moth); Wind,1,,,,,,
205,,,,,,,"Native Bees; Bombus; Honey Bees; Beetles, Wasps, Flies; Butterflies; Monarchs; Larval Host (Butterfly); Hummingbirds",1,,,,,,
206,,,,,,,Native Bees; Bombus; Honey Bees,1,,,,,,
207,,,,,,,Bombus; Butterflies; Hummingbirds,1,,,,,,
208,,,,,,,Native Bees; Larval Host (Moth); Hummingbirds,1,,,,,,
209,,,,,,,"Native Bees; Bombus; Beetles, Wasps, Flies; Moths; Butterflies; Larval Host (Butterfly); Hummingbirds",1,,,,,,
210,,,,,,,"Native Bees; Bombus; Beetles, Wasps, Flies; Moths",1,,,,,,
211,,,,,,,"Native Bees; Bombus; Honey Bees; Beetles, Wasps, Flies; Nesting and Structure (Bees); Larval Host (Butterfly); Larval Host (Moth); Wind",1,,,,,,
212,,,,,,,"Native Bees; Bombus; Beetles, Wasps, Flies; Moths; Butterflies; Nesting and Structure (Bees); Larval Host (Butterfly); Larval Host (Moth)",1,,,,,,
213,,,,,,,"Native Bees; Beetles, Wasps, Flies; Moths",1,,,,,,
214,,,,,,,Larval Host (Monarch); Larval Host (Butterfly); Larval Host (Moth),1,,,,,,
215,,,,,,,"Native Bees; Beetles, Wasps, Flies; Butterflies; Monarchs; Larval Host (Monarch); Larval Host (Butterfly); Larval Host (Moth)",1,,,,,,
216,,,,,,,Butterflies; Larval Host (Monarch); Larval Host (Butterfly),1,,,,,,
217,,,,,,,Native Bees; Bombus; Honey Bees; Butterflies; Monarchs; Larval Host (Moth),1,,,,,,
218,,,,,,,"Native Bees; Honey Bees; Beetles, Wasps, Flies; Larval Host (Butterfly); Larval Host (Moth)",1,,,,,,
219,,,,,,,"Native Bees; Bombus; Honey Bees; Beetles, Wasps, Flies; Moths; Butterflies; Larval Host (Butterfly); Larval Host (Moth); Hummingbirds",1,,,,,,
220,,,,,,,Bombus; Moths; Butterflies; Larval Host (Moth); Hummingbirds,1,,,,,,
221,,,,,,,"Native Bees; Bombus; Honey Bees; Beetles, Wasps, Flies; Butterflies; Larval Host (Butterfly); Larval Host (Moth); Wind",1,,,,,,
222,,,,,,,Native Bees; Moths; Butterflies; Monarchs; Larval Host (Moth); Hummingbirds,1,,,,,,
223,,,,,,,Native Bees; Moths; Butterflies; Hummingbirds,1,,,,,,
224,,,,,,,"Native Bees; Bombus; Beetles, Wasps, Flies; Butterflies; Monarchs; Larval Host (Moth); Hummingbirds",1,,,,,,
225,,,,,,,Native Bees; Bombus; Butterflies; Monarchs,1,,,,,,
226,,,,,,,"Native Bees; Bombus; Beetles, Wasps, Flies; Butterflies; Monarchs; Hummingbirds",1,,,,,,
227,,,,,,,Bombus; Larval Host (Butterfly),1,,,,,,
228,,,,,,,"Native Bees; Bombus; Beetles, Wasps, Flies; Butterflies; Nesting and Structure (Bees); Larval Host (Moth); Hummingbirds",1,,,,,,
229,,,,,,,Larval Host (Butterfly); Hummingbirds,1,,,,,,
230,,,,,,,Native Bees; Honey Bees; Butterflies; Nesting and Structure (Bees),1,,,,,,
231,,,,,,,Native Bees; Bombus; Honey Bees; Moths; Butterflies,1,,,,,,
232,,,,,,,Native Bees; Moths; Larval Host (Moth); Hummingbirds,1,,,,,,
233,,,,,,,Native Bees; Bombus; Butterflies; Monarchs; Larval Host (Butterfly); Larval Host (Moth),1,,,,,,
234,,,,,,,Honey Bees; Larval Host (Butterfly); Larval Host (Moth),1,,,,,,
235,,,,,,,Native Bees; Honey Bees,1,,,,,,
236,,,,,,,Native Bees; Nesting and Structure (Bees),1,,,,,,
237,,,,,,,Butterflies; Larval Host (Butterfly); Larval Host (Moth); Hummingbirds,1,,,,,,
238,,,,,,,Butterflies; Nesting and Structure (Bees); Larval Host (Butterfly); Wind,1,,,,,,
239,,,,,,,Butterflies; Wind,1,,,,,,
240,,,,,,,Bombus; Hummingbirds,1,,,,,,
241,,,,,,,Native Bees; Bombus; Moths; Butterflies; Monarchs; Hummingbirds,1,,,,,,
242,,,,,,,Native Bees; Honey Bees; Butterflies; Larval Host (Butterfly),1,,,,,,
243,,,,,,,"Native Bees; Honey Bees; Beetles, Wasps, Flies; Moths; Larval Host (Butterfly); Larval Host (Moth)",1,,,,,,
